,사고번호,사고일시,요일,시군구,사고내용,사망자수,중상자수,경상자수,부상신고자수,사고유형,법규위반,노면상태,기상상태,도로형태,가해운전자 차종,가해운전자 성별,가해운전자 연령,가해운전자 상해정도,피해운전자 차종,피해운전자 성별,피해운전자 연령,피해운전자 상해정도
2010,2019052500100674,2019년 5월 25일 22시,토요일,광주광역시 동구 학동,경상사고,0,0,2,0,차대사람 - 횡단중,보행자보호의무위반,포장 - 건조,맑음,교차로 - 교차로부근,승용,여,57세,상해없음,보행자,여,39세,경상
2011,2019052600100028,2019년 5월 26일 00시,일요일,광주광역시 서구 치평동,경상사고,0,0,1,0,차대사람 - 차도통행중,안전운전불이행,포장 - 건조,맑음,교차로 - 교차로안,승용,남,60세,상해없음,보행자,남,28세,경상
2012,2019052600100202,2019년 5월 26일 11시,일요일,광주광역시 북구 임동,경상사고,0,0,1,0,차대사람 - 기타,안전운전불이행,포장 - 건조,맑음,단일로 - 기타,승합,남,52세,상해없음,보행자,여,66세,경상
2013,2019052600100234,2019년 5월 26일 12시,일요일,광주광역시 북구 일곡동,경상사고,0,0,1,0,차대사람 - 횡단중,신호위반,포장 - 건조,맑음,교차로 - 교차로횡단보도내,승용,여,63세,상해없음,보행자,남,12세,경상
2014,2019052600100485,2019년 5월 26일 20시,일요일,광주광역시 북구 본촌동,경상사고,0,0,1,0,차대사람 - 기타,안전운전불이행,포장 - 젖음/습기,비,단일로 - 기타,승용,남,21세,기타불명,보행자,여,30세,경상
2015,2019052600100516,2019년 5월 26일 21시,일요일,광주광역시 서구 농성동,경상사고,0,0,1,0,차대사람 - 횡단중,안전운전불이행,포장 - 건조,맑음,단일로 - 기타,이륜,남,43세,상해없음,보행자,여,63세,경상
2016,2019052700100638,2019년 5월 27일 22시,월요일,광주광역시 서구 쌍촌동,경상사고,0,0,1,0,차대사람 - 횡단중,안전운전불이행,포장 - 건조,맑음,단일로 - 기타,승용,남,64세,상해없음,보행자,여,44세,경상
2017,2019052800100034,2019년 5월 28일 00시,화요일,광주광역시 서구 쌍촌동,중상사고,0,1,0,0,차대사람 - 횡단중,안전운전불이행,포장 - 건조,흐림,단일로 - 기타,승용,남,21세,기타불명,보행자,여,60세,중상
2018,2019052800100164,2019년 5월 28일 08시,화요일,광주광역시 북구 문흥동,경상사고,0,0,1,0,차대사람 - 기타,신호위반,포장 - 건조,맑음,교차로 - 교차로안,승용,여,51세,상해없음,보행자,남,11세,경상
2019,2019052800100339,2019년 5월 28일 13시,화요일,광주광역시 서구 화정동,중상사고,0,1,0,0,차대사람 - 기타,보행자보호의무위반,포장 - 건조,맑음,교차로 - 교차로횡단보도내,승합,남,53세,상해없음,보행자,여,68세,중상
2020,2019052900100037,2019년 5월 29일 00시,수요일,광주광역시 광산구 운남동,경상사고,0,0,1,0,차대사람 - 횡단중,안전운전불이행,포장 - 건조,맑음,교차로 - 교차로안,승용,남,53세,상해없음,보행자,남,47세,경상
2021,2019052900100168,2019년 5월 29일 08시,수요일,광주광역시 서구 쌍촌동,경상사고,0,0,1,0,차대사람 - 횡단중,신호위반,포장 - 건조,맑음,교차로 - 교차로안,화물,남,39세,상해없음,보행자,여,21세,경상
2022,2019052900100170,2019년 5월 29일 08시,수요일,광주광역시 광산구 송정동,경상사고,0,0,1,0,차대사람 - 횡단중,신호위반,포장 - 건조,맑음,교차로 - 교차로횡단보도내,승용,여,36세,상해없음,보행자,남,9세,경상
2023,2019052900100331,2019년 5월 29일 13시,수요일,광주광역시 북구 용봉동,경상사고,0,0,1,0,차대사람 - 기타,안전운전불이행,포장 - 건조,맑음,단일로 - 기타,승용,남,44세,기타불명,보행자,여,22세,경상
2024,2019052900100468,2019년 5월 29일 16시,수요일,광주광역시 남구 월산동,중상사고,0,2,0,0,차대사람 - 기타,신호위반,포장 - 건조,맑음,교차로 - 교차로횡단보도내,승용,여,45세,상해없음,보행자,남,69세,중상
2025,2019052900100591,2019년 5월 29일 18시,수요일,광주광역시 남구 봉선동,중상사고,0,1,1,0,차대사람 - 횡단중,보행자보호의무위반,포장 - 건조,맑음,단일로 - 기타,승용,남,18세,상해없음,보행자,여,8세,중상
2026,2019052900100592,2019년 5월 29일 18시,수요일,광주광역시 북구 신안동,경상사고,0,0,1,0,차대사람 - 횡단중,신호위반,포장 - 건조,맑음,단일로 - 기타,승용,남,63세,상해없음,보행자,여,45세,경상
2027,2019052900100626,2019년 5월 29일 19시,수요일,광주광역시 북구 두암동,부상신고사고,0,0,0,1,차대사람 - 기타,안전운전불이행,포장 - 건조,맑음,단일로 - 기타,기타불명,기타불명,미분류,기타불명,보행자,남,19세,부상신고
2028,2019052900100657,2019년 5월 29일 20시,수요일,광주광역시 광산구 운남동,경상사고,0,0,1,0,차대사람 - 횡단중,보행자보호의무위반,포장 - 건조,맑음,교차로 - 교차로횡단보도내,승용,남,39세,상해없음,보행자,여,54세,경상
2029,2019053000100119,2019년 5월 30일 07시,목요일,광주광역시 북구 동림동,중상사고,0,1,0,0,차대사람 - 기타,안전운전불이행,포장 - 건조,맑음,기타 - 기타,승합,남,61세,상해없음,보행자,여,72세,중상
2030,2019053000100415,2019년 5월 30일 16시,목요일,광주광역시 북구 운암동,경상사고,0,0,1,0,차대사람 - 길가장자리구역통행중,기타,포장 - 건조,맑음,단일로 - 기타,승용,여,43세,상해없음,보행자,남,55세,경상
2031,2019053000100463,2019년 5월 30일 17시,목요일,광주광역시 동구 황금동,경상사고,0,0,1,0,차대사람 - 기타,안전운전불이행,포장 - 건조,맑음,단일로 - 기타,승용,여,23세,상해없음,보행자,여,41세,경상
2032,2019053000100601,2019년 5월 30일 21시,목요일,광주광역시 북구 용봉동,경상사고,0,0,1,0,차대사람 - 기타,안전운전불이행,포장 - 건조,맑음,단일로 - 기타,승용,남,19세,상해없음,보행자,남,19세,경상
2033,2019053100100048,2019년 5월 31일 00시,금요일,광주광역시 서구 동천동,경상사고,0,0,1,0,차대사람 - 차도통행중,안전운전불이행,포장 - 건조,맑음,단일로 - 기타,승용,남,22세,상해없음,보행자,남,35세,경상
2034,2019053100100204,2019년 5월 31일 09시,금요일,광주광역시 북구 신안동,경상사고,0,0,1,0,차대사람 - 기타,안전운전불이행,포장 - 건조,맑음,단일로 - 기타,승용,여,71세,상해없음,보행자,남,62세,경상
2035,2019053100100390,2019년 5월 31일 14시,금요일,광주광역시 남구 월산동,중상사고,0,1,0,0,차대사람 - 횡단중,신호위반,포장 - 건조,맑음,단일로 - 기타,승합,남,77세,상해없음,보행자,여,73세,중상
2036,2019053100100391,2019년 5월 31일 14시,금요일,광주광역시 광산구 송정동,사망사고,1,0,0,0,차대사람 - 횡단중,보행자보호의무위반,포장 - 건조,맑음,단일로 - 기타,승용,남,61세,상해없음,보행자,여,90세 이상,사망
2037,2019053100100604,2019년 5월 31일 18시,금요일,광주광역시 서구 농성동,중상사고,0,1,0,0,차대사람 - 횡단중,안전운전불이행,포장 - 건조,맑음,교차로 - 교차로안,승용,여,44세,상해없음,보행자,여,55세,중상
2038,2019053100100729,2019년 5월 31일 21시,금요일,광주광역시 북구 중흥동,부상신고사고,0,0,0,1,차대사람 - 기타,안전운전불이행,포장 - 건조,맑음,단일로 - 기타,사륜오토바이(ATV),기타불명,미분류,기타불명,보행자,남,64세,부상신고
2039,2019053100100797,2019년 5월 31일 23시,금요일,광주광역시 광산구 소촌동,경상사고,0,0,1,0,차대사람 - 차도통행중,안전운전불이행,포장 - 건조,맑음,교차로 - 교차로횡단보도내,원동기,남,29세,상해없음,보행자,여,33세,경상
2040,2019060100100240,2019년 6월 1일 11시,토요일,광주광역시 북구 두암동,경상사고,0,0,1,0,차대사람 - 기타,신호위반,포장 - 건조,맑음,단일로 - 기타,승용,여,64세,상해없음,보행자,남,44세,경상
2041,2019060100100321,2019년 6월 1일 13시,토요일,광주광역시 북구 용두동,경상사고,0,0,1,0,차대사람 - 길가장자리구역통행중,안전운전불이행,포장 - 건조,맑음,단일로 - 기타,승용,남,25세,상해없음,보행자,남,55세,경상
2042,2019060100100475,2019년 6월 1일 17시,토요일,광주광역시 광산구 월계동,경상사고,0,0,1,0,차대사람 - 횡단중,보행자보호의무위반,포장 - 건조,맑음,단일로 - 기타,승용,남,43세,상해없음,보행자,여,54세,경상
2043,2019060200100113,2019년 6월 2일 08시,일요일,광주광역시 북구 두암동,경상사고,0,0,1,0,차대사람 - 횡단중,안전운전불이행,포장 - 건조,맑음,교차로 - 교차로안,승용,남,70세,상해없음,보행자,남,73세,경상
2044,2019060200100445,2019년 6월 2일 20시,일요일,광주광역시 광산구 신가동,경상사고,0,0,1,0,차대사람 - 차도통행중,안전운전불이행,포장 - 건조,맑음,단일로 - 기타,기타불명,기타불명,미분류,기타불명,보행자,여,47세,경상
2045,2019060200100492,2019년 6월 2일 22시,일요일,광주광역시 서구 치평동,경상사고,0,0,1,0,차대사람 - 횡단중,안전운전불이행,포장 - 건조,맑음,교차로 - 교차로부근,승용,여,52세,상해없음,보행자,남,38세,경상
2046,2019060200100504,2019년 6월 2일 23시,일요일,광주광역시 북구 오치동,중상사고,0,1,0,0,차대사람 - 횡단중,안전운전불이행,포장 - 건조,맑음,교차로 - 교차로안,승용,남,52세,상해없음,보행자,남,53세,중상
2047,2019060300100074,2019년 6월 3일 04시,월요일,광주광역시 북구 풍향동,사망사고,1,0,0,0,차대사람 - 횡단중,신호위반,포장 - 건조,맑음,교차로 - 교차로횡단보도내,승용,남,27세,상해없음,보행자,여,75세,사망
2048,2019060300100477,2019년 6월 3일 17시,월요일,광주광역시 남구 월산동,경상사고,0,0,1,0,차대사람 - 횡단중,안전운전불이행,포장 - 건조,맑음,단일로 - 기타,승용,남,48세,상해없음,보행자,여,9세,경상
2049,2019060300100540,2019년 6월 3일 19시,월요일,광주광역시 광산구 쌍암동,중상사고,0,1,0,0,차대사람 - 횡단중,안전운전불이행,포장 - 건조,맑음,단일로 - 기타,승용,여,50세,상해없음,보행자,남,90세 이상,중상
2050,2019060300100610,2019년 6월 3일 22시,월요일,광주광역시 서구 동천동,경상사고,0,0,1,0,차대사람 - 횡단중,보행자보호의무위반,포장 - 건조,맑음,교차로 - 교차로횡단보도내,승용,여,50세,상해없음,보행자,여,17세,경상
2051,2019060400100036,2019년 6월 4일 01시,화요일,광주광역시 광산구 운남동,중상사고,0,1,0,0,차대사람 - 횡단중,안전운전불이행,포장 - 건조,맑음,교차로 - 교차로안,승용,남,18세,상해없음,보행자,남,50세,중상
2052,2019060400100079,2019년 6월 4일 06시,화요일,광주광역시 서구 치평동,경상사고,0,0,1,0,차대사람 - 차도통행중,안전운전불이행,포장 - 건조,맑음,단일로 - 기타,승용,남,35세,상해없음,보행자,남,26세,경상
2053,2019060400100151,2019년 6월 4일 08시,화요일,광주광역시 북구 두암동,중상사고,0,1,0,0,차대사람 - 기타,안전운전불이행,포장 - 건조,맑음,단일로 - 기타,승용,여,39세,상해없음,보행자,여,7세,중상
2054,2019060400100364,2019년 6월 4일 14시,화요일,광주광역시 북구 동림동,중상사고,0,1,0,0,차대사람 - 기타,안전운전불이행,포장 - 건조,맑음,교차로 - 교차로안,승용,여,47세,상해없음,보행자,여,78세,중상
2055,2019060400100394,2019년 6월 4일 15시,화요일,광주광역시 북구 용두동,경상사고,0,0,1,0,차대사람 - 횡단중,안전운전불이행,포장 - 건조,맑음,단일로 - 기타,승용,여,47세,기타불명,보행자,남,9세,경상
2056,2019060500100260,2019년 6월 5일 11시,수요일,광주광역시 동구 금남로1가,중상사고,0,1,0,0,차대사람 - 기타,안전운전불이행,포장 - 건조,맑음,단일로 - 기타,승용,남,62세,상해없음,보행자,여,18세,중상
2057,2019060500100529,2019년 6월 5일 17시,수요일,광주광역시 북구 오치동,경상사고,0,0,1,0,차대사람 - 횡단중,안전운전불이행,포장 - 건조,맑음,단일로 - 기타,승용,남,38세,상해없음,보행자,남,7세,경상
2058,2019060500100583,2019년 6월 5일 18시,수요일,광주광역시 북구 용봉동,경상사고,0,0,1,0,차대사람 - 횡단중,안전운전불이행,포장 - 건조,맑음,교차로 - 교차로안,승용,남,51세,상해없음,보행자,남,55세,경상
2059,2019060500100584,2019년 6월 5일 18시,수요일,광주광역시 북구 문흥동,경상사고,0,0,1,0,차대사람 - 기타,안전운전불이행,포장 - 건조,맑음,단일로 - 기타,승용,남,41세,상해없음,보행자,여,54세,경상
2060,2019060500100773,2019년 6월 5일 23시,수요일,광주광역시 북구 중흥동,중상사고,0,1,0,0,차대사람 - 횡단중,안전운전불이행,포장 - 건조,맑음,교차로 - 교차로부근,승용,남,45세,상해없음,보행자,남,66세,중상
2061,2019060600100181,2019년 6월 6일 10시,목요일,광주광역시 북구 우산동,중상사고,0,1,0,0,차대사람 - 횡단중,안전운전불이행,포장 - 건조,맑음,단일로 - 기타,승용,남,57세,상해없음,보행자,여,60세,중상
2062,2019060600100612,2019년 6월 6일 22시,목요일,광주광역시 동구 산수동,중상사고,0,2,0,0,차대사람 - 횡단중,보행자보호의무위반,포장 - 젖음/습기,비,교차로 - 교차로횡단보도내,승용,남,50세,상해없음,보행자,여,47세,중상
2063,2019060700100167,2019년 6월 7일 08시,금요일,광주광역시 북구 신안동,경상사고,0,0,1,0,차대사람 - 차도통행중,보행자보호의무위반,포장 - 건조,맑음,단일로 - 기타,기타불명,기타불명,미분류,기타불명,보행자,여,23세,경상
2064,2019060700100201,2019년 6월 7일 09시,금요일,광주광역시 북구 우산동,경상사고,0,0,1,0,차대사람 - 기타,안전운전불이행,포장 - 젖음/습기,맑음,단일로 - 기타,기타불명,기타불명,미분류,기타불명,보행자,여,62세,경상
2065,2019060700100360,2019년 6월 7일 14시,금요일,광주광역시 광산구 소촌동,사망사고,1,0,0,0,차대사람 - 보도통행중,기타,포장 - 건조,맑음,단일로 - 기타,승용,여,41세,상해없음,보행자,남,79세,사망
2066,2019060700100621,2019년 6월 7일 21시,금요일,광주광역시 광산구 우산동,경상사고,0,0,1,0,차대사람 - 기타,안전운전불이행,포장 - 건조,맑음,단일로 - 기타,자전거,남,49세,상해없음,보행자,여,61세,경상
2067,2019060800100337,2019년 6월 8일 13시,토요일,광주광역시 동구 계림동,경상사고,0,0,1,0,차대사람 - 횡단중,안전운전불이행,포장 - 건조,맑음,단일로 - 기타,승용,남,50세,상해없음,보행자,남,9세,경상
2068,2019060800100339,2019년 6월 8일 13시,토요일,광주광역시 남구 봉선동,중상사고,0,1,0,0,차대사람 - 차도통행중,안전운전불이행,포장 - 건조,맑음,교차로 - 교차로부근,승용,여,46세,상해없음,보행자,여,70세,중상
2069,2019060800100536,2019년 6월 8일 19시,토요일,광주광역시 서구 화정동,경상사고,0,0,1,0,차대사람 - 횡단중,안전운전불이행,포장 - 건조,맑음,단일로 - 기타,승용,남,43세,상해없음,보행자,남,11세,경상
2070,2019060800100636,2019년 6월 8일 22시,토요일,광주광역시 북구 운암동,경상사고,0,0,1,0,차대사람 - 기타,안전운전불이행,포장 - 건조,맑음,단일로 - 기타,기타불명,기타불명,미분류,기타불명,보행자,남,58세,경상
2071,2019060900100073,2019년 6월 9일 03시,일요일,광주광역시 광산구 송정동,부상신고사고,0,0,0,1,차대사람 - 기타,안전운전불이행,포장 - 건조,맑음,기타 - 기타,자전거,남,24세,상해없음,보행자,남,12세,부상신고
2072,2019060900100188,2019년 6월 9일 11시,일요일,광주광역시 동구 학동,경상사고,0,0,1,0,차대사람 - 기타,안전운전불이행,포장 - 건조,맑음,기타 - 기타,화물,남,71세,상해없음,보행자,남,52세,경상
2073,2019060900100423,2019년 6월 9일 20시,일요일,광주광역시 남구 월산동,중상사고,0,1,0,0,차대사람 - 횡단중,안전운전불이행,포장 - 건조,맑음,단일로 - 기타,승용,여,60세,상해없음,보행자,여,74세,중상
2074,2019061000100194,2019년 6월 10일 09시,월요일,광주광역시 남구 구동,중상사고,0,1,0,0,차대사람 - 횡단중,보행자보호의무위반,포장 - 건조,맑음,단일로 - 기타,승용,남,48세,상해없음,보행자,남,18세,중상
2075,2019061000100327,2019년 6월 10일 13시,월요일,광주광역시 동구 학동,중상사고,0,1,0,0,차대사람 - 횡단중,안전운전불이행,포장 - 건조,흐림,단일로 - 기타,승용,여,63세,상해없음,보행자,여,81세,중상
2076,2019061000100413,2019년 6월 10일 15시,월요일,광주광역시 광산구 비아동,경상사고,0,0,1,0,차대사람 - 기타,안전운전불이행,포장 - 건조,맑음,단일로 - 기타,승용,여,43세,상해없음,보행자,남,43세,경상
2077,2019061000100569,2019년 6월 10일 19시,월요일,광주광역시 동구 학동,중상사고,0,1,0,0,차대사람 - 기타,안전운전불이행,포장 - 젖음/습기,맑음,교차로 - 교차로횡단보도내,승합,남,77세,상해없음,보행자,남,63세,중상
2078,2019061100100168,2019년 6월 11일 08시,화요일,광주광역시 북구 우산동,중상사고,0,1,0,0,차대사람 - 보도통행중,기타,포장 - 건조,맑음,단일로 - 기타,자전거,남,16세,상해없음,보행자,여,75세,중상
2079,2019061100100261,2019년 6월 11일 11시,화요일,광주광역시 북구 용봉동,경상사고,0,0,1,0,차대사람 - 기타,안전운전불이행,포장 - 건조,맑음,단일로 - 기타,화물,남,60세,상해없음,보행자,남,65세,경상
2080,2019061100100331,2019년 6월 11일 13시,화요일,광주광역시 광산구 쌍암동,경상사고,0,0,1,0,차대사람 - 기타,안전운전불이행,포장 - 건조,맑음,교차로 - 교차로부근,승용,남,46세,상해없음,보행자,남,50세,경상
2081,2019061100100467,2019년 6월 11일 17시,화요일,광주광역시 광산구 하남동,중상사고,0,1,0,0,차대사람 - 기타,안전운전불이행,포장 - 건조,맑음,단일로 - 기타,승용,남,45세,상해없음,보행자,남,8세,중상
2082,2019061100100598,2019년 6월 11일 21시,화요일,광주광역시 남구 주월동,경상사고,0,0,1,0,차대사람 - 기타,안전운전불이행,포장 - 건조,맑음,단일로 - 기타,승용,남,56세,상해없음,보행자,남,46세,경상
2083,2019061100100646,2019년 6월 11일 23시,화요일,광주광역시 북구 양산동,경상사고,0,0,1,0,차대사람 - 기타,안전운전불이행,포장 - 건조,맑음,단일로 - 기타,승용,남,23세,상해없음,보행자,남,24세,경상
2084,2019061200100072,2019년 6월 12일 05시,수요일,광주광역시 서구 화정동,경상사고,0,0,1,0,차대사람 - 횡단중,안전운전불이행,포장 - 건조,맑음,단일로 - 기타,승용,남,76세,상해없음,보행자,남,21세,경상
2085,2019061200100178,2019년 6월 12일 09시,수요일,광주광역시 남구 월산동,경상사고,0,0,1,0,차대사람 - 차도통행중,안전운전불이행,포장 - 건조,맑음,단일로 - 기타,승용,여,26세,상해없음,보행자,남,27세,경상
2086,2019061200100179,2019년 6월 12일 09시,수요일,광주광역시 북구 북동,중상사고,0,1,0,0,차대사람 - 기타,안전운전불이행,포장 - 건조,맑음,교차로 - 교차로안,승용,남,45세,상해없음,보행자,여,83세,중상
2087,2019061200100308,2019년 6월 12일 13시,수요일,광주광역시 북구 운암동,경상사고,0,0,1,0,차대사람 - 횡단중,보행자보호의무위반,포장 - 건조,맑음,교차로 - 교차로횡단보도내,승용,여,42세,상해없음,보행자,남,6세,경상
2088,2019061200100402,2019년 6월 12일 16시,수요일,광주광역시 서구 풍암동,경상사고,0,0,1,0,차대사람 - 횡단중,안전운전불이행,포장 - 건조,맑음,단일로 - 기타,승용,여,41세,상해없음,보행자,여,6세,경상
2089,2019061200100441,2019년 6월 12일 17시,수요일,광주광역시 북구 오치동,경상사고,0,0,1,0,차대사람 - 횡단중,안전운전불이행,포장 - 건조,맑음,단일로 - 기타,승용,여,54세,상해없음,보행자,여,77세,경상
2090,2019061300100033,2019년 6월 13일 00시,목요일,광주광역시 광산구 수완동,경상사고,0,0,1,0,차대사람 - 차도통행중,안전운전불이행,포장 - 건조,맑음,교차로 - 교차로안,승용,남,43세,상해없음,보행자,남,30세,경상
2091,2019061300100380,2019년 6월 13일 15시,목요일,광주광역시 광산구 장덕동,경상사고,0,0,1,0,차대사람 - 횡단중,신호위반,포장 - 건조,맑음,교차로 - 교차로횡단보도내,승용,남,64세,상해없음,보행자,여,7세,경상
2092,2019061300100574,2019년 6월 13일 20시,목요일,광주광역시 북구 두암동,중상사고,0,1,0,0,차대사람 - 횡단중,안전운전불이행,포장 - 건조,맑음,교차로 - 교차로안,승용,여,40세,상해없음,보행자,남,57세,중상
2093,2019061400100617,2019년 6월 14일 20시,금요일,광주광역시 북구 용두동,경상사고,0,0,1,0,차대사람 - 기타,안전운전불이행,포장 - 건조,맑음,단일로 - 기타,승용,남,56세,상해없음,보행자,여,45세,경상
2094,2019061500100305,2019년 6월 15일 12시,토요일,광주광역시 북구 중흥동,경상사고,0,0,1,0,차대사람 - 기타,신호위반,포장 - 건조,맑음,교차로 - 교차로횡단보도내,이륜,남,74세,상해없음,보행자,남,45세,경상
2095,2019061500100680,2019년 6월 15일 21시,토요일,광주광역시 서구 풍암동,경상사고,0,0,1,0,차대사람 - 기타,안전운전불이행,포장 - 건조,맑음,단일로 - 기타,승용,여,36세,상해없음,보행자,남,49세,경상
2096,2019061500100717,2019년 6월 15일 22시,토요일,광주광역시 북구 용두동,중상사고,0,1,0,0,차대사람 - 기타,안전운전불이행,포장 - 건조,맑음,교차로 - 교차로부근,승용,남,60세,상해없음,보행자,남,59세,중상
2097,2019061700100096,2019년 6월 17일 07시,월요일,광주광역시 광산구 소촌동,경상사고,0,0,1,0,차대사람 - 기타,안전운전불이행,포장 - 건조,맑음,기타 - 기타,승용,여,41세,상해없음,보행자,남,33세,경상
2098,2019061700100140,2019년 6월 17일 08시,월요일,광주광역시 남구 주월동,경상사고,0,0,1,0,차대사람 - 횡단중,보행자보호의무위반,포장 - 건조,맑음,교차로 - 교차로안,승용,남,71세,상해없음,보행자,남,31세,경상
2099,2019061700100462,2019년 6월 17일 16시,월요일,광주광역시 서구 금호동,경상사고,0,0,1,0,차대사람 - 횡단중,안전운전불이행,포장 - 건조,맑음,단일로 - 기타,화물,남,48세,상해없음,보행자,여,64세,경상
2100,2019061700100586,2019년 6월 17일 19시,월요일,광주광역시 광산구 신가동,경상사고,0,0,1,0,차대사람 - 기타,신호위반,포장 - 건조,맑음,교차로 - 교차로안,승용,여,45세,상해없음,보행자,여,25세,경상
2101,2019061700100649,2019년 6월 17일 21시,월요일,광주광역시 북구 일곡동,중상사고,0,1,0,0,차대사람 - 횡단중,보행자보호의무위반,포장 - 건조,맑음,교차로 - 교차로안,승용,남,60세,상해없음,보행자,남,36세,중상
2102,2019061800100130,2019년 6월 18일 07시,화요일,광주광역시 서구 덕흥동,경상사고,0,0,1,0,차대사람 - 기타,안전운전불이행,포장 - 건조,맑음,단일로 - 기타,특수,남,61세,상해없음,보행자,여,54세,경상
2103,2019061800100177,2019년 6월 18일 08시,화요일,광주광역시 남구 월산동,경상사고,0,0,1,0,차대사람 - 횡단중,안전운전불이행,포장 - 건조,맑음,단일로 - 기타,승용,남,62세,상해없음,보행자,남,60세,경상
2104,2019061800100239,2019년 6월 18일 10시,화요일,광주광역시 광산구 송정동,부상신고사고,0,0,0,1,차대사람 - 차도통행중,안전운전불이행,포장 - 건조,맑음,교차로 - 교차로안,승용,남,76세,상해없음,보행자,남,43세,부상신고
2105,2019061800100326,2019년 6월 18일 13시,화요일,광주광역시 남구 양림동,중상사고,0,1,0,0,차대사람 - 기타,보행자보호의무위반,포장 - 건조,맑음,교차로 - 교차로횡단보도내,화물,남,23세,상해없음,보행자,남,44세,중상
2106,2019061800100327,2019년 6월 18일 13시,화요일,광주광역시 북구 문흥동,중상사고,0,1,0,0,차대사람 - 횡단중,안전운전불이행,포장 - 건조,맑음,단일로 - 기타,화물,남,38세,상해없음,보행자,여,73세,중상
2107,2019061800100329,2019년 6월 18일 13시,화요일,광주광역시 광산구 신가동,경상사고,0,0,1,0,차대사람 - 횡단중,안전운전불이행,포장 - 건조,맑음,교차로 - 교차로부근,승용,여,46세,상해없음,보행자,남,8세,경상
2108,2019061800100504,2019년 6월 18일 18시,화요일,광주광역시 남구 백운동,중상사고,0,1,0,0,차대사람 - 횡단중,안전운전불이행,포장 - 건조,맑음,기타 - 기타,승용,남,58세,상해없음,보행자,남,74세,중상
2109,2019061900100321,2019년 6월 19일 14시,수요일,광주광역시 광산구 월계동,중상사고,0,1,0,0,차대사람 - 횡단중,안전운전불이행,포장 - 건조,맑음,기타 - 기타,화물,남,51세,상해없음,보행자,남,56세,중상
2110,2019061900100502,2019년 6월 19일 18시,수요일,광주광역시 서구 화정동,중상사고,0,1,0,0,차대사람 - 횡단중,안전운전불이행,포장 - 건조,맑음,단일로 - 기타,이륜,여,28세,상해없음,보행자,여,63세,중상
2111,2019061900100583,2019년 6월 19일 20시,수요일,광주광역시 광산구 신창동,경상사고,0,0,1,0,차대사람 - 횡단중,보행자보호의무위반,포장 - 건조,맑음,교차로 - 교차로횡단보도내,승용,남,27세,상해없음,보행자,남,23세,경상
2112,2019061900100603,2019년 6월 19일 21시,수요일,광주광역시 북구 용봉동,경상사고,0,0,2,0,차대사람 - 기타,안전운전불이행,포장 - 건조,맑음,단일로 - 기타,승용,남,19세,상해없음,보행자,남,57세,경상
2113,2019061900100631,2019년 6월 19일 22시,수요일,광주광역시 남구 구동,부상신고사고,0,0,0,1,차대사람 - 횡단중,안전운전불이행,포장 - 건조,맑음,단일로 - 기타,승용,남,61세,상해없음,보행자,여,61세,부상신고
2114,2019062000100043,2019년 6월 20일 00시,목요일,광주광역시 광산구 우산동,경상사고,0,0,1,0,차대사람 - 횡단중,안전운전불이행,포장 - 건조,맑음,단일로 - 기타,승용,남,61세,상해없음,보행자,여,74세,경상
2115,2019062000100356,2019년 6월 20일 14시,목요일,광주광역시 서구 화정동,경상사고,0,0,1,0,차대사람 - 기타,안전운전불이행,포장 - 건조,맑음,단일로 - 기타,승용,여,44세,상해없음,보행자,여,43세,경상
2116,2019062000100569,2019년 6월 20일 19시,목요일,광주광역시 서구 풍암동,중상사고,0,1,0,0,차대사람 - 횡단중,안전운전불이행,포장 - 건조,맑음,교차로 - 교차로부근,승용,여,57세,상해없음,보행자,여,64세,중상
2117,2019062000100570,2019년 6월 20일 19시,목요일,광주광역시 광산구 산월동,경상사고,0,0,1,0,차대사람 - 길가장자리구역통행중,안전운전불이행,포장 - 건조,맑음,단일로 - 기타,승용,남,50세,상해없음,보행자,여,12세,경상